{
  "configVersion": 1,
  "index": "/index.html",
  "assetGroups": [
    {
      "name": "app",
      "installMode": "prefetch",
      "updateMode": "prefetch",
      "urls": [
        "/1.a2aa7849f6010c5eb0fd.js",
        "/2.1ee14ae103521dfd7a14.js",
        "/3.45c5970d7d124eece8ea.js",
        "/4.13b87509605831c7ea8f.js",
        "/5.6904220140178ef8f40e.js",
        "/6.c0402cf231c2029f76b7.js",
        "/common.9c976eb8e2f58efdb1e2.js",
        "/favicon.ico",
        "/index.html",
        "/main.e9ee2ee19b17256ec30d.js",
        "/polyfills.20cde50cc1f67fa75f8a.js",
        "/runtime.86b04b4271bd31bd78de.js",
        "/scripts.e7d97994418642633c23.js",
        "/styles.c7713e97619d42c3c518.css"
      ],
      "patterns": []
    },
    {
      "name": "assets",
      "installMode": "lazy",
      "updateMode": "prefetch",
      "urls": [
        "/assets/avatar.jpg",
        "/assets/css/bootstrap-grid.css",
        "/assets/css/bootstrap-grid.css.map",
        "/assets/css/bootstrap-grid.min.css",
        "/assets/css/bootstrap-grid.min.css.map",
        "/assets/css/bootstrap-reboot.css",
        "/assets/css/bootstrap-reboot.css.map",
        "/assets/css/bootstrap-reboot.min.css",
        "/assets/css/bootstrap-reboot.min.css.map",
        "/assets/css/bootstrap.css",
        "/assets/css/bootstrap.css.map",
        "/assets/css/bootstrap.min.css",
        "/assets/css/bootstrap.min.css.map",
        "/assets/css/font-awesome.css",
        "/assets/css/home-style.css",
        "/assets/css/normalize.css",
        "/assets/css/slick.css",
        "/assets/css/style.css",
        "/assets/css/style_201118.css",
        "/assets/email.png",
        "/assets/fb.png",
        "/assets/fonts/FontAwesome.otf",
        "/assets/fonts/FranklinBold.eot",
        "/assets/fonts/FranklinBold.ttf",
        "/assets/fonts/FranklinBold.woff",
        "/assets/fonts/FranklinGothic-Book.eot",
        "/assets/fonts/FranklinGothic-Book.ttf",
        "/assets/fonts/FranklinGothic-Book.woff",
        "/assets/fonts/LeagueSpartan-Bold.eot",
        "/assets/fonts/LeagueSpartan-Bold.otf",
        "/assets/fonts/LeagueSpartan-Bold.ttf",
        "/assets/fonts/LeagueSpartan-Bold.woff",
        "/assets/fonts/fontawesome-webfont.eot",
        "/assets/fonts/fontawesome-webfont.svg",
        "/assets/fonts/fontawesome-webfont.ttf",
        "/assets/fonts/fontawesome-webfont.woff",
        "/assets/fonts/fontawesome-webfont.woff2",
        "/assets/fonts/glyphicons-halflings-regular.eot",
        "/assets/fonts/glyphicons-halflings-regular.svg",
        "/assets/fonts/glyphicons-halflings-regular.ttf",
        "/assets/fonts/glyphicons-halflings-regular.woff",
        "/assets/fonts/glyphicons-halflings-regular.woff2",
        "/assets/fonts/slick.eot",
        "/assets/fonts/slick.svg",
        "/assets/fonts/slick.ttf",
        "/assets/fonts/slick.woff",
        "/assets/icons/icon-128x128.png",
        "/assets/icons/icon-144x144.png",
        "/assets/icons/icon-152x152.png",
        "/assets/icons/icon-192x192.png",
        "/assets/icons/icon-384x384.png",
        "/assets/icons/icon-512x512.png",
        "/assets/icons/icon-72x72.png",
        "/assets/icons/icon-96x96.png",
        "/assets/images/attachment.png",
        "/assets/images/bg.jpg",
        "/assets/images/chat-deliver-.png",
        "/assets/images/chat-deliver.png",
        "/assets/images/chat-file.png",
        "/assets/images/chat-viewed-.png",
        "/assets/images/chat-viewed.png",
        "/assets/images/contact-icon-1.png",
        "/assets/images/contact-icon-2.png",
        "/assets/images/contact1.jpg",
        "/assets/images/email.png",
        "/assets/images/footer-chat.png",
        "/assets/images/footer-contact.png",
        "/assets/images/footer-home.png",
        "/assets/images/footer-profile.png",
        "/assets/images/go-icon.png",
        "/assets/images/go.png",
        "/assets/images/help-kid_03.jpg",
        "/assets/images/home-logo.png",
        "/assets/images/home.png",
        "/assets/images/icon.jpg",
        "/assets/images/icon1.png",
        "/assets/images/icon2.png",
        "/assets/images/icon3.png",
        "/assets/images/icon4.png",
        "/assets/images/id-card.png",
        "/assets/images/logo-customer.png",
        "/assets/images/logo.png",
        "/assets/images/parent.png",
        "/assets/images/password.png",
        "/assets/images/pro-edit.png",
        "/assets/images/profile-img_07.jpg",
        "/assets/images/reg-banner_03.jpg",
        "/assets/images/reg-banner_04.jpg",
        "/assets/images/reg-banner_05.jpg",
        "/assets/images/register-home-img_03.png",
        "/assets/images/register-home-img_05.png",
        "/assets/images/register-home-img_07.jpg",
        "/assets/images/send.png",
        "/assets/images/sign-globe.png",
        "/assets/images/sign-location.png",
        "/assets/images/sign-map.png",
        "/assets/images/sign-phone.png",
        "/assets/images/sign-po.png",
        "/assets/images/smiley.png",
        "/assets/images/star-rating.icons.svg",
        "/assets/images/star.png",
        "/assets/images/strar-rating.png",
        "/assets/images/student.png",
        "/assets/images/teacher-email.png",
        "/assets/images/teacher-list.png",
        "/assets/images/teacher-location.png",
        "/assets/images/teacher-phone.png",
        "/assets/images/teacher-profile-banner_03.jpg",
        "/assets/images/teacher.png",
        "/assets/images/thomas.jpg",
        "/assets/images/user.png",
        "/assets/js/bootstrap.bundle.js",
        "/assets/js/bootstrap.bundle.js.map",
        "/assets/js/bootstrap.bundle.min.js",
        "/assets/js/bootstrap.bundle.min.js.map",
        "/assets/js/bootstrap.js",
        "/assets/js/bootstrap.js.map",
        "/assets/js/bootstrap.min.js",
        "/assets/js/bootstrap.min.js.map",
        "/assets/js/common.js",
        "/assets/js/datepicker.js",
        "/assets/js/datepicker.js.map",
        "/assets/js/jquery.carouFredSel-5.5.0-packed.js",
        "/assets/js/jquery.carouFredSel-5.5.0.js",
        "/assets/js/jquery.colorbox.js",
        "/assets/js/jquery.min.js",
        "/assets/js/setup.js",
        "/assets/js/slick.min.js",
        "/assets/js/xzoom.min.js",
        "/assets/marker.png",
        "/assets/outer/css/animate.css",
        "/assets/outer/css/font-awesome.min.css",
        "/assets/outer/css/fonts/glyphicons-halflings-regular-2.html",
        "/assets/outer/css/fonts/glyphicons-halflings-regular-3.html",
        "/assets/outer/css/fonts/glyphicons-halflings-regular-4.html",
        "/assets/outer/css/fonts/glyphicons-halflings-regular-5.html",
        "/assets/outer/css/fonts/glyphicons-halflings-regular.html",
        "/assets/outer/css/fonts/glyphicons-halflings-regulard41d.html",
        "/assets/outer/css/responsive.css",
        "/assets/outer/css/style.css",
        "/assets/outer/fonts/fontawesome-webfont5b62.eot",
        "/assets/outer/fonts/fontawesome-webfont5b62.html",
        "/assets/outer/fonts/fontawesome-webfont5b62.svg",
        "/assets/outer/fonts/fontawesome-webfont5b62.ttf",
        "/assets/outer/fonts/fontawesome-webfont5b62.woff",
        "/assets/outer/fonts/fontawesome-webfontd41d.eot",
        "/assets/outer/images/Single_cources/banner-bg.jpg",
        "/assets/outer/images/banner.png",
        "/assets/outer/images/banner.webp",
        "/assets/outer/images/banner1.png",
        "/assets/outer/images/banner1.webp",
        "/assets/outer/images/banner2.jpg",
        "/assets/outer/images/banner2.webp",
        "/assets/outer/images/banner3.jpg",
        "/assets/outer/images/banner3.webp",
        "/assets/outer/images/blog-02.jpg",
        "/assets/outer/images/counter-bg.jpg",
        "/assets/outer/images/counter-icon-01.png",
        "/assets/outer/images/counter-icon-02.png",
        "/assets/outer/images/counter-icon-03.png",
        "/assets/outer/images/counter-icon-04.png",
        "/assets/outer/images/courses-04-1.jpg",
        "/assets/outer/images/courses-04-2.jpg",
        "/assets/outer/images/courses-04-3.jpg",
        "/assets/outer/images/engineering-top.png",
        "/assets/outer/images/engineering.png",
        "/assets/outer/images/english.png",
        "/assets/outer/images/events-01.jpg",
        "/assets/outer/images/events-02.jpg",
        "/assets/outer/images/events-03.jpg",
        "/assets/outer/images/events-04.jpg",
        "/assets/outer/images/events-05.jpg",
        "/assets/outer/images/events-06.jpg",
        "/assets/outer/images/help-kide.png",
        "/assets/outer/images/icon-stu-1.png",
        "/assets/outer/images/icon-stu-2.png",
        "/assets/outer/images/icon-stu-3.png",
        "/assets/outer/images/icon-stu-4.png",
        "/assets/outer/images/icon-stu-5.png",
        "/assets/outer/images/index/arror-02-left.png",
        "/assets/outer/images/index/arror-02-right.png",
        "/assets/outer/images/index/arror_left.png",
        "/assets/outer/images/index/arror_left_hover.png",
        "/assets/outer/images/index/arror_right.png",
        "/assets/outer/images/index/arror_right_hover.png",
        "/assets/outer/images/index/counter-bg.jpg",
        "/assets/outer/images/index/counter-shape-bg.png",
        "/assets/outer/images/index/footer-bg.jpg",
        "/assets/outer/images/index/instraction-bg.jpg",
        "/assets/outer/images/index/news-bg.jpg",
        "/assets/outer/images/index/quotation-01.png",
        "/assets/outer/images/index/quotation-02.png",
        "/assets/outer/images/index/video-bg.jpg",
        "/assets/outer/images/instraction-bg.jpg",
        "/assets/outer/images/kid.jpg",
        "/assets/outer/images/kide-pic.png",
        "/assets/outer/images/location.png",
        "/assets/outer/images/logo.png",
        "/assets/outer/images/maths-top--.png",
        "/assets/outer/images/maths-top.png",
        "/assets/outer/images/maths.png",
        "/assets/outer/images/news-bg.jpg",
        "/assets/outer/images/physics-top.png",
        "/assets/outer/images/physics.png",
        "/assets/outer/images/preloader.gif",
        "/assets/outer/images/publicaton-01.jpg",
        "/assets/outer/images/register-bg.jpg",
        "/assets/outer/images/round-icon1.png",
        "/assets/outer/images/round-icon2.png",
        "/assets/outer/images/round-icon3.png",
        "/assets/outer/images/round-icon4.png",
        "/assets/outer/images/scene.jpg",
        "/assets/outer/images/section-bg.png",
        "/assets/outer/images/slide-bottom-01.png",
        "/assets/outer/images/slide-bottom-02.png",
        "/assets/outer/images/slide-bottom-03.png",
        "/assets/outer/images/step-1.jpg",
        "/assets/outer/images/step2.jpg",
        "/assets/outer/images/step3.jpg",
        "/assets/outer/images/stu-parent-01.jpg",
        "/assets/outer/images/stu-parent-02.jpg",
        "/assets/outer/images/stu-parent-03.jpg",
        "/assets/outer/images/stu-parent-04.jpg",
        "/assets/outer/images/student-img.png",
        "/assets/outer/images/student-img.webp",
        "/assets/outer/images/teacher-img.png",
        "/assets/outer/images/video-bg.jpg",
        "/assets/outer/images/welcome.jpg",
        "/assets/outer/images/welcome.png",
        "/assets/outer/images/yoga-top.png",
        "/assets/outer/images/yoga.png",
        "/assets/wa.png"
      ],
      "patterns": []
    }
  ],
  "dataGroups": [],
  "hashTable": {
    "/1.a2aa7849f6010c5eb0fd.js": "76de5b0f482880273bf5379ea1d0f7e2faf3c94c",
    "/2.1ee14ae103521dfd7a14.js": "8c0b9afa2615242735b39555adb37070be32111c",
    "/3.45c5970d7d124eece8ea.js": "25b235011ed8d579be3ec6cfc941b53ddb3b0347",
    "/4.13b87509605831c7ea8f.js": "25657b77b656906e5f106ecbc66262d236181735",
    "/5.6904220140178ef8f40e.js": "81d59be629ef3e8341aadf0a386e3fe79d1ff8e5",
    "/6.c0402cf231c2029f76b7.js": "42df932666c63441a9388393b4706e8da30d8dd5",
    "/assets/avatar.jpg": "def3c52e6724747e7ec61df8bd9434aab9f6094e",
    "/assets/css/bootstrap-grid.css": "6a45c6634c1392ee2adfb8b747cb3ad2a55c3934",
    "/assets/css/bootstrap-grid.css.map": "007df4dfe65fa81566216181e70f4f6e7243c59c",
    "/assets/css/bootstrap-grid.min.css": "6065007fb5568cd62cfe0bfe180695fc0b37724e",
    "/assets/css/bootstrap-grid.min.css.map": "c8d975baf9eed5810a6c73c605112640b791c73b",
    "/assets/css/bootstrap-reboot.css": "b29eefc5a719de840fd9aadc355668e2afcaa515",
    "/assets/css/bootstrap-reboot.css.map": "258dae98aeb1653785120f973f3fc7eddb53f885",
    "/assets/css/bootstrap-reboot.min.css": "f0fa672fcbcb1bef03c79afc5ac26de394ac2b29",
    "/assets/css/bootstrap-reboot.min.css.map": "edeaf93141e5713e73a828dd2b957b0459924098",
    "/assets/css/bootstrap.css": "2ce613073db4961ad118ac063421eb62cefc426e",
    "/assets/css/bootstrap.css.map": "22c1c4414db7d067cc6a7662d073a35741f2d3d7",
    "/assets/css/bootstrap.min.css": "73445cb893663febfe9e30325b5d177bb4168f5f",
    "/assets/css/bootstrap.min.css.map": "532544e15fae48a57094133795337b74f60e1818",
    "/assets/css/font-awesome.css": "409770cec960523b25ab8b4710098fa3911f7ba9",
    "/assets/css/home-style.css": "da39a3ee5e6b4b0d3255bfef95601890afd80709",
    "/assets/css/normalize.css": "ae7a7f9cfe7c081a0989e15d4a8e6893db10f116",
    "/assets/css/slick.css": "210105ba9b8a7215081c88ac015fb4fe03dbed28",
    "/assets/css/style.css": "3b03a26e1b630477fb9f53069fcfa08e95395ff0",
    "/assets/css/style_201118.css": "a2ecbb93b9d737bb964b6fc19181dc5f031b6b7c",
    "/assets/email.png": "85d901271555363023abaecab3a78ca2d0c754a1",
    "/assets/fb.png": "8f9ee282664b1c1dab1a5e26ce92d0ff078898d6",
    "/assets/fonts/FontAwesome.otf": "1b22f17fdc38070de50e6d1ab3a32da71aa2d819",
    "/assets/fonts/FranklinBold.eot": "befa271dd99c83c3889b33fc8b57346fbc3824cd",
    "/assets/fonts/FranklinBold.ttf": "1bfcf9394e76b2f24d6be9fb029bc6dd65ffa9d3",
    "/assets/fonts/FranklinBold.woff": "fdccc2f65349ce8674aaf97b663ddd609a94c80f",
    "/assets/fonts/FranklinGothic-Book.eot": "913b1ea1fe6ac4b035c50fca05fd27873bab7edc",
    "/assets/fonts/FranklinGothic-Book.ttf": "49878ee127985b2d0c1ea618405a218b1a999a6a",
    "/assets/fonts/FranklinGothic-Book.woff": "6bd3fe2bd19cf8cbf4dc4c0528ab335c7a5c1bb8",
    "/assets/fonts/LeagueSpartan-Bold.eot": "140aeb39fa765beab4d9e04c7d35849bf8d355b6",
    "/assets/fonts/LeagueSpartan-Bold.otf": "759f23cefdcf61715ca7b52cc9ef51504833e1a4",
    "/assets/fonts/LeagueSpartan-Bold.ttf": "dea498739f42d713f6d6586ad1c9accb01c4e0cb",
    "/assets/fonts/LeagueSpartan-Bold.woff": "e8601c76fb6a77537d8d0f4cbbea00b398633139",
    "/assets/fonts/fontawesome-webfont.eot": "965ce8f688fedbeed504efd498bc9c1622d12362",
    "/assets/fonts/fontawesome-webfont.svg": "c0522272bbaef2acb3d341912754d6ea2d0ecfc0",
    "/assets/fonts/fontawesome-webfont.ttf": "61d8d967807ef12598d81582fa95b9f600c3ee01",
    "/assets/fonts/fontawesome-webfont.woff": "6d7e6a5fc802b13694d8820fc0138037c0977d2e",
    "/assets/fonts/fontawesome-webfont.woff2": "97e438cc545714309882fbceadbf344fcaddcec5",
    "/assets/fonts/glyphicons-halflings-regular.eot": "86b6f62b7853e67d3e635f6512a5a5efc58ea3c3",
    "/assets/fonts/glyphicons-halflings-regular.svg": "de51a8494180a6db074af2dee2383f0a363c5b08",
    "/assets/fonts/glyphicons-halflings-regular.ttf": "44bc1850f570972267b169ae18f1cb06b611ffa2",
    "/assets/fonts/glyphicons-halflings-regular.woff": "278e49a86e634da6f2a02f3b47dd9d2a8f26210f",
    "/assets/fonts/glyphicons-halflings-regular.woff2": "ca35b697d99cae4d1b60f2d60fcd37771987eb07",
    "/assets/fonts/slick.eot": "2dff0768f4c0a53228761eab917e2c65556042d4",
    "/assets/fonts/slick.svg": "17f63c6f6131389462ba3d814b7ddf83344705f9",
    "/assets/fonts/slick.ttf": "3331eebdd4ba348ef25abe00c39ffbe867d46575",
    "/assets/fonts/slick.woff": "af91c12f0f406a4f801aeb3b398768fe41d8f864",
    "/assets/icons/icon-128x128.png": "dae3b6ed49bdaf4327b92531d4b5b4a5d30c7532",
    "/assets/icons/icon-144x144.png": "b0bd89982e08f9bd2b642928f5391915b74799a7",
    "/assets/icons/icon-152x152.png": "7479a9477815dfd9668d60f8b3b2fba709b91310",
    "/assets/icons/icon-192x192.png": "1abd80d431a237a853ce38147d8c63752f10933b",
    "/assets/icons/icon-384x384.png": "329749cd6393768d3131ed6304c136b1ca05f2fd",
    "/assets/icons/icon-512x512.png": "559d9c4318b45a1f2b10596bbb4c960fe521dbcc",
    "/assets/icons/icon-72x72.png": "c457e56089a36952cd67156f9996bc4ce54a5ed9",
    "/assets/icons/icon-96x96.png": "3914125a4b445bf111c5627875fc190f560daa41",
    "/assets/images/attachment.png": "15a2f59fbb843b59953586cf7ab9c656f495c343",
    "/assets/images/bg.jpg": "226e4c386605c007288a913819da876314fe50a5",
    "/assets/images/chat-deliver-.png": "5bc2d3200ede3d6e57646ed4ded0adac91f29581",
    "/assets/images/chat-deliver.png": "7126cf40a63fee8efc1bbb137c2801c899093079",
    "/assets/images/chat-file.png": "fd9bd39f5251cca8f23bb4aee99d6e09aeb025a2",
    "/assets/images/chat-viewed-.png": "297ce784ecb0a47363c221498dc57983c31173b5",
    "/assets/images/chat-viewed.png": "2e38039b580979b2bad8d05b21bc580102f15a14",
    "/assets/images/contact-icon-1.png": "4f22db84e7f9c134d4304279f8483138afc01099",
    "/assets/images/contact-icon-2.png": "77da8ba5c2bacfba1a951aa5fbbed58b3a82f33e",
    "/assets/images/contact1.jpg": "ab474590b911a40e95b89ad0ce7830c76242cf30",
    "/assets/images/email.png": "87fa943bd4fa885f1cfeddd045487d19661e9b84",
    "/assets/images/footer-chat.png": "c7e4fc8898ec11292a2b0b430f544c93d1c835d0",
    "/assets/images/footer-contact.png": "d5347ee79e9a5b644e628773834e37b1007e84cd",
    "/assets/images/footer-home.png": "5ce12aa7de0eb2013add6a1c6998b0bc6f6910c3",
    "/assets/images/footer-profile.png": "52d2079146dcd699610deab3a6c8b6cdae09acbb",
    "/assets/images/go-icon.png": "a7fbcb66c26d01b5b586f9f2092a0274b624be76",
    "/assets/images/go.png": "67858d7dea6cef6f9eef4667fe3e0cb3b0f5f216",
    "/assets/images/help-kid_03.jpg": "8665274fdf38522bd883cf128c92d96ffa1e325d",
    "/assets/images/home-logo.png": "6417619f15c9996a193de951df75b04ca6f81225",
    "/assets/images/home.png": "b6f129c523a9319dc5471de7025fcdb95cb20c17",
    "/assets/images/icon.jpg": "9e68d79f31a814f7cad8c55bc3b021f849a7e499",
    "/assets/images/icon1.png": "e18365b33f2ca1d31483cf48fbe65608ec84748a",
    "/assets/images/icon2.png": "f0fd91bec08389d0c7cc87a9c61c335b11dbfcce",
    "/assets/images/icon3.png": "0c04e0438417abe6e4c763274e297ada4732a0d4",
    "/assets/images/icon4.png": "6e6f00e3e0848a64fe0ddf19ac7d56da94ad10d2",
    "/assets/images/id-card.png": "8e500dcfe21a47086b7736d34537128865f2142f",
    "/assets/images/logo-customer.png": "0def576569b3f247532f4a79ba01521484a5dce3",
    "/assets/images/logo.png": "53397137aebc4532addf16e96a8de48dc79a0568",
    "/assets/images/parent.png": "56a28b29f199e962f7993f37edcd7d5051bc0153",
    "/assets/images/password.png": "72be880a22fecd7eb6da9244978a5b75a6e90f0b",
    "/assets/images/pro-edit.png": "cbe16c4c38f0f5a20fac479a1d8f5204bc23d9c6",
    "/assets/images/profile-img_07.jpg": "f239086bb766983924cdffd8cc103ae98086a8f7",
    "/assets/images/reg-banner_03.jpg": "113fe6beccf881c5c3a0ef53f9cc9d884248670d",
    "/assets/images/reg-banner_04.jpg": "97a5b2525604ace3bc82fd593ed94235d5ff8e08",
    "/assets/images/reg-banner_05.jpg": "8848e8866d1e34d2f6095d2fc60b308ff76276dd",
    "/assets/images/register-home-img_03.png": "1f83587d389d8911d6a08b5cea2ee694b607f85f",
    "/assets/images/register-home-img_05.png": "f1392d6f042e35a64931d16c36d3dad2a68af3fb",
    "/assets/images/register-home-img_07.jpg": "e126f964562ca41cdaf4cad612a8298f4caf42fc",
    "/assets/images/send.png": "f26e920958f0b6c220c990e8d421ded8bf99470a",
    "/assets/images/sign-globe.png": "7ef6d1d46d5a9819ff272d6904eedb5a3b1cd8c9",
    "/assets/images/sign-location.png": "49b25c776a58bf6ef054de70380355b4bbfabd56",
    "/assets/images/sign-map.png": "75d9601f1c63c3b557b2f6e17053f977ca77bafe",
    "/assets/images/sign-phone.png": "49647aadc98b4927192e7fd73db2bb1afc9b460e",
    "/assets/images/sign-po.png": "6cf8fbdb7a1c7d477660a7b7b0fb138e11618830",
    "/assets/images/smiley.png": "807e22934ee087f3357c7fec9d6f5bb7669cec02",
    "/assets/images/star-rating.icons.svg": "c9b2ed31d6a095b618987d52defd38a28dea458c",
    "/assets/images/star.png": "2c2380d04facc0b9545e90a663dea720f215d7fa",
    "/assets/images/strar-rating.png": "644b87ed2819b99a64e705a257a332de3550372f",
    "/assets/images/student.png": "4cb61356ba2df98cf4a2439c36c19dc25b45f5c6",
    "/assets/images/teacher-email.png": "d5d3806cc8be9456fa513324a55363e4f5a23da5",
    "/assets/images/teacher-list.png": "7c3f879c7defd4f81e76a918b26b08d57a109320",
    "/assets/images/teacher-location.png": "3cb28bae09427866a8eff166d439ecf138e1078b",
    "/assets/images/teacher-phone.png": "824f12277a0c5bcda7e89cde020900fc6fcee59d",
    "/assets/images/teacher-profile-banner_03.jpg": "6a5f0eda0af50f70124a9e944dbd56d08904a516",
    "/assets/images/teacher.png": "d9cf0d098bd67ac674b957673732f91ef29a50a7",
    "/assets/images/thomas.jpg": "9d9c11e7f06fd6a6552d212a16365267b644e20c",
    "/assets/images/user.png": "612805de5f270999b457257de7face942c54c90d",
    "/assets/js/bootstrap.bundle.js": "06e9e2dc3e74a5ba8e8f502113b5250ce1e005bc",
    "/assets/js/bootstrap.bundle.js.map": "5816693cfab8c27b5f1dcb638022b0c1184d39bb",
    "/assets/js/bootstrap.bundle.min.js": "a0f7a287003f6d0c8a2543e6183fdc14417b6793",
    "/assets/js/bootstrap.bundle.min.js.map": "a542542d8ebf58ed88377a885df17c2dad122d11",
    "/assets/js/bootstrap.js": "07da27bb41cf623acc959d70b9611d09c01fa5a5",
    "/assets/js/bootstrap.js.map": "060e5a0d9c191a1ec53daebdac82905da9a8439a",
    "/assets/js/bootstrap.min.js": "a9545831803b1359cfeed47e3b4d6bae68e40e99",
    "/assets/js/bootstrap.min.js.map": "723fc544f30e1980a10743ab8955739a22a6e07b",
    "/assets/js/common.js": "709c970c467935653d1a9e82b51e3b69167196bf",
    "/assets/js/datepicker.js": "9987cf8b4db268baaac2e715871f1c8f49184141",
    "/assets/js/datepicker.js.map": "7c0b4b0383dec3238213d83f40101965a52e6a0b",
    "/assets/js/jquery.carouFredSel-5.5.0-packed.js": "0821eae47847233713136b4faf9dbedac2fffab5",
    "/assets/js/jquery.carouFredSel-5.5.0.js": "c0954ad0763aa265490031158d90cbdf1ace4b7f",
    "/assets/js/jquery.colorbox.js": "4eed5becfedba1e2f8ed5513709853606be3ac54",
    "/assets/js/jquery.min.js": "b3a77b35c4809324ab79e64d40c4ee391234e008",
    "/assets/js/setup.js": "03e6bff899956245372d171ad3c5be2a31dad702",
    "/assets/js/slick.min.js": "f5071717b9e5e3fe5d3aef69f9f20acf753bc1f8",
    "/assets/js/xzoom.min.js": "fd6f3427eed271ea1c712b01a2961a25c2d8cbdb",
    "/assets/marker.png": "b62080228190fc97d11c8584557b7aff86af049d",
    "/assets/outer/css/animate.css": "1eba673d48e917dc72ba41ef55c0ee08dc7d257d",
    "/assets/outer/css/font-awesome.min.css": "57a5b37a62e9c8dd11819184063a2991821fcaa3",
    "/assets/outer/css/fonts/glyphicons-halflings-regular-2.html": "d094380801c5fb412028ab5bb5328cb9ce8b496e",
    "/assets/outer/css/fonts/glyphicons-halflings-regular-3.html": "d094380801c5fb412028ab5bb5328cb9ce8b496e",
    "/assets/outer/css/fonts/glyphicons-halflings-regular-4.html": "d094380801c5fb412028ab5bb5328cb9ce8b496e",
    "/assets/outer/css/fonts/glyphicons-halflings-regular-5.html": "d094380801c5fb412028ab5bb5328cb9ce8b496e",
    "/assets/outer/css/fonts/glyphicons-halflings-regular.html": "d094380801c5fb412028ab5bb5328cb9ce8b496e",
    "/assets/outer/css/fonts/glyphicons-halflings-regulard41d.html": "d094380801c5fb412028ab5bb5328cb9ce8b496e",
    "/assets/outer/css/responsive.css": "25cb2f77cfdd30e99e00a388133ac4ba156e547c",
    "/assets/outer/css/style.css": "dc1bbce85f2f0325ac091a6ec2c1ccf83364d5e6",
    "/assets/outer/fonts/fontawesome-webfont5b62.eot": "965ce8f688fedbeed504efd498bc9c1622d12362",
    "/assets/outer/fonts/fontawesome-webfont5b62.html": "97e438cc545714309882fbceadbf344fcaddcec5",
    "/assets/outer/fonts/fontawesome-webfont5b62.svg": "c0522272bbaef2acb3d341912754d6ea2d0ecfc0",
    "/assets/outer/fonts/fontawesome-webfont5b62.ttf": "61d8d967807ef12598d81582fa95b9f600c3ee01",
    "/assets/outer/fonts/fontawesome-webfont5b62.woff": "6d7e6a5fc802b13694d8820fc0138037c0977d2e",
    "/assets/outer/fonts/fontawesome-webfontd41d.eot": "965ce8f688fedbeed504efd498bc9c1622d12362",
    "/assets/outer/images/Single_cources/banner-bg.jpg": "6739cbc32b0775e33649c7205a52c9bf981e8be8",
    "/assets/outer/images/banner.png": "47a71b9e5e4dfb0fdd36045d2956898c90465867",
    "/assets/outer/images/banner.webp": "dbbf1659578818f1314fdd1e6580ee19164bf93a",
    "/assets/outer/images/banner1.png": "49b978a62610f104b8e09341fb673a257062c811",
    "/assets/outer/images/banner1.webp": "f6b79a7b4f0b652588ae456052dc6b7014616cb8",
    "/assets/outer/images/banner2.jpg": "c3f9540ed2838b4ca967e11ac7d584856aeb9331",
    "/assets/outer/images/banner2.webp": "6cc252b3d8ac2d99e3f771a50020164d96fca5bd",
    "/assets/outer/images/banner3.jpg": "5a7143f0ba8bb5de776e81b3d3377d606efa1efc",
    "/assets/outer/images/banner3.webp": "f07c0a47f64831c3537cd5a317645fdba87fd471",
    "/assets/outer/images/blog-02.jpg": "b7f10144e2dd9a327146c081f9aebf5313a66554",
    "/assets/outer/images/counter-bg.jpg": "6d8b056a63c71db8f7053cc712ed35e0c0f383c7",
    "/assets/outer/images/counter-icon-01.png": "0e925a8fea47214105c58917a6d516a953eaafb7",
    "/assets/outer/images/counter-icon-02.png": "2734d01aeadea4906dfd80b615c260893bab6acf",
    "/assets/outer/images/counter-icon-03.png": "69e252030d4feb681f507cc8afc61855323e5081",
    "/assets/outer/images/counter-icon-04.png": "ffac7171c834d78833c6da80289ef795371a0ea3",
    "/assets/outer/images/courses-04-1.jpg": "74b651a8b8fe2d85ee8da6d7a757575392748092",
    "/assets/outer/images/courses-04-2.jpg": "56902635570298e8f8a432ea50b71f92d27d975c",
    "/assets/outer/images/courses-04-3.jpg": "fff8d561d17fa8c1b834f26b2e0d3c05a1684b28",
    "/assets/outer/images/engineering-top.png": "44936fb81affc3842f08254c46d6d9b248e3abf8",
    "/assets/outer/images/engineering.png": "ffa5e3bad2dbe4bb0d6c46ca0c8ca031bfc62c7c",
    "/assets/outer/images/english.png": "93bc0f5f70b2ab0fef98bbe078e049703a995cd7",
    "/assets/outer/images/events-01.jpg": "5b5b5aef4be2bccc2c46b7d03f3d8087c87e520a",
    "/assets/outer/images/events-02.jpg": "1d4496907e4be051e217b2a26b8e1bf1faba9289",
    "/assets/outer/images/events-03.jpg": "d5dfd5fa235cad4c8afd05f795443b85d621b225",
    "/assets/outer/images/events-04.jpg": "7521c74a3e83040f9817dfe4a364b69c4954dfb7",
    "/assets/outer/images/events-05.jpg": "89da6950dbc6d86baed15f8221cc98fc60e306e5",
    "/assets/outer/images/events-06.jpg": "b27180fe3c3759a4c1687528efe1977d5fa5198d",
    "/assets/outer/images/help-kide.png": "239d5f9262cc8c84c96edf3a345c21b27b98adec",
    "/assets/outer/images/icon-stu-1.png": "41402317354b208a59404a113981c12089f9e94e",
    "/assets/outer/images/icon-stu-2.png": "c64e233c6c5ba53e2085c6c88ea5f9dc7aae9bb3",
    "/assets/outer/images/icon-stu-3.png": "50de52f7f74cf259471ae47412cd8ca88470d99e",
    "/assets/outer/images/icon-stu-4.png": "abd2ee89295e90d38a04d88522219a651fba3e42",
    "/assets/outer/images/icon-stu-5.png": "5c4df56d87079eaa411cf23db4a36365481562dc",
    "/assets/outer/images/index/arror-02-left.png": "d9ca36c786f95885d603d8a2a4299c7d9f73122d",
    "/assets/outer/images/index/arror-02-right.png": "e661687851f637e7109dfc80e5a5fa5a8602fea7",
    "/assets/outer/images/index/arror_left.png": "06a48be8fe157be0ea0f691e1671b0d870020ee4",
    "/assets/outer/images/index/arror_left_hover.png": "3cdadc6d472ebd05bd8eba1a6e7ee7f1edfd56b2",
    "/assets/outer/images/index/arror_right.png": "d9c3179da5d8e320f2babc76040804f2ff4b6a1d",
    "/assets/outer/images/index/arror_right_hover.png": "d90b17313550e861547f754bfad197af7210845d",
    "/assets/outer/images/index/counter-bg.jpg": "6d8b056a63c71db8f7053cc712ed35e0c0f383c7",
    "/assets/outer/images/index/counter-shape-bg.png": "dd45562ed718ca201aa8605f39875cf908d55a94",
    "/assets/outer/images/index/footer-bg.jpg": "4ad82b89a86f4461e1005efacf60ce28488d5b88",
    "/assets/outer/images/index/instraction-bg.jpg": "f5347e67bccc12652288e193048b7171ff31ba55",
    "/assets/outer/images/index/news-bg.jpg": "a30e32354c27d6b072135dcd186ceba296796252",
    "/assets/outer/images/index/quotation-01.png": "e434724f0f41bcde0232c3c8ce60735ba774b390",
    "/assets/outer/images/index/quotation-02.png": "2c1fa10a395fd768280d38c2b93cb4398a1197d9",
    "/assets/outer/images/index/video-bg.jpg": "906d54be22a5a3e4da646d4479638d68d22f991c",
    "/assets/outer/images/instraction-bg.jpg": "f5347e67bccc12652288e193048b7171ff31ba55",
    "/assets/outer/images/kid.jpg": "6b6d3bf15c0ee8ec843edf295cceac5970208ece",
    "/assets/outer/images/kide-pic.png": "0c14512822e861c8a05dfda9a9bb2e92541c17e4",
    "/assets/outer/images/location.png": "e7b0451ca5e1e96e511ce308f4cbbe89067bf878",
    "/assets/outer/images/logo.png": "18491cd45dd0019489e962f8a483fd6e18a55866",
    "/assets/outer/images/maths-top--.png": "b104b044d4e5f862252d9021415d8dfc7ca4886b",
    "/assets/outer/images/maths-top.png": "1cbc0d630c0eb54eb4ea6279d65056ef6982f6de",
    "/assets/outer/images/maths.png": "25a29e61fa4c4dbf2b81f433b80612347dbffcd5",
    "/assets/outer/images/news-bg.jpg": "8951e0a75ba59f9998e3ba41572ba5f31ad4c85d",
    "/assets/outer/images/physics-top.png": "15b5f84ac65997e557e6a35eb96c0b8dc6523e5d",
    "/assets/outer/images/physics.png": "be4a049f04e9590dd931b1f0748b006308d618eb",
    "/assets/outer/images/preloader.gif": "001f5e78b35a7a5c7ae5515127cfb25232681eb4",
    "/assets/outer/images/publicaton-01.jpg": "93261e8d8868ca9bb6f12b7ad383005b65d25e6f",
    "/assets/outer/images/register-bg.jpg": "03511b55603123de991d28deb136a56566f10e60",
    "/assets/outer/images/round-icon1.png": "c0ba249f7e648f9d01c9510cda1380ea27258c2b",
    "/assets/outer/images/round-icon2.png": "9682b9c904f62fde7a9bf7d88dbbb34b6b642273",
    "/assets/outer/images/round-icon3.png": "7135bc50bdd43fc986d2f439905a2dffa59b519a",
    "/assets/outer/images/round-icon4.png": "01858b56c4fe420e3510e67dcadeccb820d5d730",
    "/assets/outer/images/scene.jpg": "8ec4ae27531ed90420961b4d23229545f635654f",
    "/assets/outer/images/section-bg.png": "65c028031f3a314e7674c4f98e555a5808c4510b",
    "/assets/outer/images/slide-bottom-01.png": "51f2afe1a6ddd65ed200316abbf0b6e8ec820302",
    "/assets/outer/images/slide-bottom-02.png": "c2267449a3e3ded9cadf91012312ebb69421227a",
    "/assets/outer/images/slide-bottom-03.png": "a917ae35af3f1e6072264cd8dda7335f0a31d125",
    "/assets/outer/images/step-1.jpg": "9b0d0a6a3ff8a7486bcb3e20ed0308c3385cf5d5",
    "/assets/outer/images/step2.jpg": "084ecb4fc2f34a7093e2b7ce209eb076cf280d0e",
    "/assets/outer/images/step3.jpg": "9ed40a97ba2df4605bb1fa5a406b9ffe3d3e0574",
    "/assets/outer/images/stu-parent-01.jpg": "daffac6235a7e0221da90f57c72fccdd37ec6372",
    "/assets/outer/images/stu-parent-02.jpg": "3c0c494175ba94a08144c39f1031bdbb4ad7ea29",
    "/assets/outer/images/stu-parent-03.jpg": "230a9302cab3856536ba58d573f3f5ce26f3a8e5",
    "/assets/outer/images/stu-parent-04.jpg": "7f781a0fbb1d9665049f7167fcf936e7354baf73",
    "/assets/outer/images/student-img.png": "79677c7299b9bd40cca920c7edeb2ac52f21f093",
    "/assets/outer/images/student-img.webp": "e3703fba53921b0d6e9d59bc1bbdc10abf1f823b",
    "/assets/outer/images/teacher-img.png": "d1fabd563022eb6a7e0c7bc4c6e58b152bbbc3e2",
    "/assets/outer/images/video-bg.jpg": "906d54be22a5a3e4da646d4479638d68d22f991c",
    "/assets/outer/images/welcome.jpg": "08acb4f1332eb5a2fdb87f58719ec69afbe9d228",
    "/assets/outer/images/welcome.png": "effed3c9feaf8592c2d5333c345401ce4400356e",
    "/assets/outer/images/yoga-top.png": "5459913bba75b0bd0bfe2feaa83a34397f0932e5",
    "/assets/outer/images/yoga.png": "8e397e55fb9f15cb4b7ddc7ddfbb15686140ea39",
    "/assets/wa.png": "d770123bda3efa5710069fbd417138f212d821d7",
    "/common.9c976eb8e2f58efdb1e2.js": "a334829b630344cd55de2cf2ba6db077d69ec826",
    "/favicon.ico": "84161b857f5c547e3699ddfbffc6d8d737542e01",
    "/index.html": "c916b7e2ceca01f7f320d4ae558d5196711f8450",
    "/main.e9ee2ee19b17256ec30d.js": "04d714121b3345bc0ecdf1f59109e23466ab5249",
    "/polyfills.20cde50cc1f67fa75f8a.js": "f3dd71c3ce2c15a9fba0391c2f0a4907c1a6ba72",
    "/runtime.86b04b4271bd31bd78de.js": "be784a28dc2e09c0b4bc7f04224398d70d731483",
    "/scripts.e7d97994418642633c23.js": "d2bcc4e891d80ad356aa034dfe3f93172404314f",
    "/styles.c7713e97619d42c3c518.css": "9bb0e12c557ad2b84bed14fe5332f324d0256157"
  },
  "navigationUrls": [
    {
      "positive": true,
      "regex": "^\\/.*$"
    },
    {
      "positive": false,
      "regex": "^\\/(?:.+\\/)?[^/]*\\.[^/]*$"
    },
    {
      "positive": false,
      "regex": "^\\/(?:.+\\/)?[^/]*__[^/]*$"
    },
    {
      "positive": false,
      "regex": "^\\/(?:.+\\/)?[^/]*__[^/]*\\/.*$"
    }
  ]
}